repetition,window,cell,odigos,accepted,refusal_reason,cpu_ms_per_req,half1_cpu_ms,half2_cpu_ms,spans_per_req,requests,achieved_rps,p50_ms,p95_ms,p99_ms,error_rate,dropped
1,01-off,s,off,True,,1.5688,1.5622,1.5753,0,300001,500.0,1.604,2.153,6.856,0,0
1,01-off,schatty,off,True,,2.9177,2.9381,2.8975,0,180001,300.0,3.055,3.562,30.963,0,0
1,01-off,m,off,True,,6.1663,6.2085,6.1249,0,90000,150,6.341,7.104,37.464,0,0
1,01-off,l,off,True,,3.1974,3.2091,3.1858,0,119400,199,42.93,44.473,46.594,0,0
1,01-off,xl,off,True,,13.5106,13.5491,13.4734,0,34800,58,82.556,84.099,87.674,0,0
1,02-off,s,off,True,,1.4976,1.5045,1.4908,0,300000,500,1.56,1.901,4.534,0,0
1,02-off,schatty,off,True,,2.8839,2.8893,2.8785,0,180001,300.0,3.03,3.378,15.682,0,0
1,02-off,m,off,True,,6.0485,6.0539,6.0433,0,90000,150,6.307,6.646,10.87,0,0
1,02-off,l,off,True,,3.2525,3.2442,3.2606,0,119400,199,43.025,44.552,46.041,0,0
1,02-off,xl,off,True,,13.6685,13.8634,13.4789,0,34800,58,82.847,84.513,86.36,0,0
1,03-100,s,on,True,,1.5828,1.6,1.5655,1.02,300001,500.0,1.601,2.155,5.699,0,0
1,03-100,schatty,on,True,,3.0598,3.088,3.0317,1.994,180000,300,3.13,3.734,15.121,0,0
1,03-100,m,on,True,,6.3061,6.3452,6.2675,2.006,90000,150,6.509,7.165,14.46,0,0
1,03-100,l,on,True,,3.9377,3.9684,3.9074,20.028,119400,199,43.874,46.338,49.768,0,0
1,03-100,xl,on,True,,14.8649,15.0284,14.7044,20.082,34800,58,83.893,85.866,92.117,0,0
1,04-100,s,on,True,,1.6116,1.5801,1.643,1.019,300001,500.0,1.644,2.235,5.435,0,0
1,04-100,schatty,on,True,,3.0852,3.0944,3.0761,1.992,180000,300,3.196,3.739,22.305,0,0
1,04-100,m,on,True,,6.2952,6.3341,6.2569,2.002,90000,150,6.557,7.071,11.627,0,0
1,04-100,l,on,True,,3.9112,3.8898,3.9321,20.0,119400,199,43.862,46.278,48.599,0,0
1,04-100,xl,on,False,half-window CPU/req differ by 5.02% (15.4162 vs 16.2104) - not settled,15.8185,15.4162,16.2104,20.053,34800,58,84.777,87.802,94.01,0,0
2,01-off,s,off,True,,1.5555,1.5885,1.5226,0,300000,500,1.604,2.0,7.572,0,0
2,01-off,schatty,off,True,,2.9343,2.9536,2.9153,0,180001,300.0,3.107,3.478,22.107,0,0
2,01-off,m,off,True,,6.0259,6.0558,5.9966,0,90000,150,6.225,6.745,20.772,0,0
2,01-off,l,off,True,,3.1633,3.1703,3.1565,0,119401,199.0,42.912,44.397,46.471,0,0
2,01-off,xl,off,True,,13.0492,13.0865,13.013,0,34800,58,82.07,83.755,86.586,0,0
2,02-off,s,off,True,,1.5246,1.5279,1.5213,0,300000,500,1.575,1.994,4.572,0,0
2,02-off,schatty,off,True,,2.9132,2.9237,2.9028,0,180001,300.0,3.096,3.435,14.611,0,0
2,02-off,m,off,True,,5.9404,5.9382,5.9424,0,90000,150,6.211,6.575,10.519,0,0
2,02-off,l,off,True,,3.1829,3.1733,3.1925,0,119400,199,42.929,44.408,45.818,0,0
2,02-off,xl,off,True,,12.8074,12.8484,12.7671,0,34800,58,81.967,83.477,85.289,0,0
2,03-100,s,on,True,,1.5195,1.5223,1.5168,1.004,300001,500.0,1.563,1.887,7.123,0,0
2,03-100,schatty,on,True,,3.0887,3.1133,3.0644,2.012,180001,300.0,3.182,4.013,30.108,0,0
2,03-100,m,on,True,,6.1402,6.2038,6.0781,2.014,90000,150,6.284,6.915,14.3,0,0
2,03-100,l,on,True,,3.8319,3.8314,3.8323,20.201,119400,199,43.819,46.251,49.675,0,0
2,03-100,xl,on,True,,14.1052,14.1856,14.0274,20.259,34800,58,83.105,85.242,90.616,0,0
2,04-100,s,on,True,,1.5304,1.5461,1.5148,0.996,300001,500.0,1.567,1.991,4.963,0,0
2,04-100,schatty,on,True,,3.0882,3.0914,3.0852,2.001,180000,300,3.26,3.652,15.171,0,0
2,04-100,m,on,True,,6.0692,6.0834,6.0553,2.002,90000,150,6.287,6.688,10.861,0,0
2,04-100,l,on,True,,3.8352,3.8449,3.8258,20.096,119401,199.0,43.868,46.238,48.319,0,0
2,04-100,xl,on,False,half-window CPU/req differ by 11.24% (14.9261 vs 16.7032) - not settled,15.8277,14.9261,16.7032,20.095,34800,58,85.301,87.967,94.529,0,0
3,01-off,s,off,True,,1.4928,1.5086,1.4771,0,300000,500,1.519,1.812,4.258,0,0
3,01-off,schatty,off,True,,3.0478,3.0976,2.9983,0,180000,300,3.12,3.699,15.356,0,0
3,01-off,m,off,True,,6.3331,6.379,6.2878,0,90000,150,6.408,8.315,54.711,0,0
3,01-off,l,off,True,,3.306,3.3058,3.3062,0,119401,199.0,43.104,44.728,46.763,0,0
3,01-off,xl,off,True,,13.4113,13.4398,13.3843,0,34800,58,82.388,83.667,87.04,0,0
3,02-off,s,off,True,,1.4923,1.4951,1.4894,0,300000,500,1.53,1.818,3.668,0,0
3,02-off,schatty,off,True,,2.9839,2.9871,2.9807,0,180000,300,3.104,3.54,7.55,0,0
3,02-off,m,off,True,,6.1573,6.1758,6.139,0,90000,150,6.383,6.806,11.382,0,0
3,02-off,l,off,True,,3.2533,3.246,3.2603,0,119400,199,43.089,44.649,46.027,0,0
3,02-off,xl,off,False,half-window CPU/req differ by 5.55% (14.0972 vs 13.3365) - not settled,13.7111,14.0972,13.3365,0,34800,58,82.584,85.325,87.13,0,0
3,03-100,s,on,True,,1.5344,1.5447,1.5241,1.005,300001,500.0,1.551,2.01,4.336,0,0
3,03-100,schatty,on,True,,3.1757,3.2049,3.1468,2.012,180001,300.0,3.227,4.393,11.743,0,0
3,03-100,m,on,True,,6.2103,6.2471,6.1741,2.014,90000,150,6.333,6.926,13.08,0,0
3,03-100,l,on,True,,3.7365,3.7332,3.7398,20.163,119400,199,43.557,45.992,48.946,0,0
3,03-100,xl,on,True,,13.7142,13.7733,13.6568,20.25,34800,58,82.828,84.305,88.412,0,0
3,04-100,s,on,True,,1.5448,1.5369,1.5528,1.0,300001,500.0,1.568,2.032,3.413,0,0
3,04-100,schatty,on,True,,3.1089,3.1107,3.107,2.003,180000,300,3.206,3.659,6.892,0,0
3,04-100,m,on,True,,6.1764,6.1835,6.1695,2.013,90000,150,6.358,6.784,11.057,0,0
3,04-100,l,on,True,,3.8009,3.7965,3.8052,20.123,119400,199,43.667,46.075,48.172,0,0
3,04-100,xl,on,True,,13.6348,13.6393,13.6304,20.137,34800,58,83.181,85.09,88.209,0,0
4,01-off,s,off,True,,1.4738,1.4903,1.4574,0,300001,500.0,1.504,1.796,4.788,0,0
4,01-off,schatty,off,True,,3.0501,3.0689,3.0316,0,180000,300,3.11,4.295,29.411,0,0
4,01-off,m,off,True,,6.1132,6.1874,6.0407,0,90000,150,6.219,7.318,47.027,0,0
4,01-off,l,off,True,,3.2577,3.2632,3.2523,0,119400,199,43.076,44.704,46.92,0,0
4,01-off,xl,off,True,,13.3958,13.4896,13.3048,0,34800,58,82.499,84.099,88.692,0,0
4,02-off,s,off,True,,1.4727,1.4865,1.4588,0,300001,500.0,1.514,1.805,3.022,0,0
4,02-off,schatty,off,True,,2.9777,2.9798,2.9755,0,180000,300,3.084,3.506,7.353,0,0
4,02-off,m,off,True,,5.9559,5.9667,5.9452,0,90000,150,6.161,6.6,11.183,0,0
4,02-off,l,off,True,,3.2197,3.2054,3.2337,0,119400,199,43.036,44.595,46.098,0,0
4,02-off,xl,off,False,half-window CPU/req differ by 12.19% (15.1745 vs 13.4304) - not settled,14.2926,15.1745,13.4304,0,34800,58,83.524,86.196,88.168,0,0
4,03-100,s,on,True,,1.5321,1.5344,1.5299,1.004,300001,500.0,1.551,1.844,4.612,0,0
4,03-100,schatty,on,True,,3.1452,3.1717,3.1191,2.011,180000,300,3.232,4.143,16.555,0,0
4,03-100,m,on,True,,6.2827,6.3339,6.2323,2.019,90000,150,6.429,7.009,14.802,0,0
4,03-100,l,on,True,,3.9304,3.9196,3.9409,20.193,119400,199,43.904,46.288,50.266,0,0
4,03-100,xl,on,True,,13.6569,13.7171,13.5985,20.243,34800,58,83.516,84.969,88.941,0,0
4,04-100,s,on,True,,1.5319,1.5306,1.5332,1.0,299999,500.0,1.545,1.843,2.937,0,0
4,04-100,schatty,on,True,,3.0813,3.0882,3.0744,1.999,180000,300,3.203,3.55,6.796,0,0
4,04-100,m,on,True,,6.2371,6.2486,6.2256,2.005,90000,150,6.445,6.862,10.771,0,0
4,04-100,l,on,True,,3.9563,3.9702,3.9428,20.067,119400,199,43.94,46.27,48.429,0,0
4,04-100,xl,on,True,,13.744,13.6891,13.7975,20.149,34800,58,83.421,84.868,87.868,0,0
5,01-off,s,off,True,,1.4812,1.4988,1.4636,0,299999,500.0,1.51,1.809,4.864,0,0
5,01-off,schatty,off,True,,2.9669,3.0018,2.9324,0,180000,300,3.091,3.472,17.303,0,0
5,01-off,m,off,True,,5.8752,5.9191,5.8319,0,90000,150,6.075,6.491,16.885,0,0
5,01-off,l,off,True,,3.3526,3.3884,3.3176,0,119400,199,43.139,44.821,46.932,0,0
5,01-off,xl,off,True,,13.5726,13.6224,13.5242,0,34800,58,82.659,84.016,87.707,0,0
5,02-off,s,off,True,,1.4482,1.4527,1.4437,0,300001,500.0,1.498,1.759,3.146,0,0
5,02-off,schatty,off,True,,2.9366,2.914,2.9589,0,180000,300,3.097,3.402,6.818,0,0
5,02-off,m,off,True,,5.8074,5.8056,5.8094,0,90001,150.0,6.08,6.429,9.558,0,0
5,02-off,l,off,True,,3.334,3.3435,3.3247,0,119400,199,43.092,44.701,46.135,0,0
5,02-off,xl,off,True,,13.5714,13.5869,13.5563,0,34800,58,82.687,84.124,86.202,0,0
5,03-100,s,on,True,,1.4849,1.4868,1.4829,1.006,300001,500.0,1.504,1.794,4.138,0,0
5,03-100,schatty,on,True,,3.1328,3.1559,3.1097,2.02,180000,300,3.205,3.986,9.004,0,0
5,03-100,m,on,True,,5.9309,5.955,5.9071,2.029,90000,150,6.112,6.521,11.498,0,0
5,03-100,l,on,True,,3.9383,3.9483,3.9285,20.244,119401,199.0,43.911,46.39,50.179,0,0
5,03-100,xl,on,True,,14.2495,14.0146,14.4786,20.339,34800,58,83.2,85.667,90.87,0,0
5,04-100,s,on,True,,1.5582,1.5665,1.5499,1.005,300001,500.0,1.681,1.869,3.571,0,0
5,04-100,schatty,on,True,,3.1167,3.1219,3.1115,2.012,180001,300.0,3.219,3.828,7.538,0,0
5,04-100,m,on,True,,5.9055,5.9129,5.8983,2.015,90000,150,6.127,6.513,10.195,0,0
5,04-100,l,on,True,,3.9308,3.9287,3.9329,20.224,119400,199,43.89,46.304,48.355,0,0
5,04-100,xl,on,True,,13.8809,13.8933,13.868,20.245,34800,58,83.032,84.519,87.729,0,0
6,01-off,s,off,True,,1.4543,1.4692,1.4395,0,300001,500.0,1.511,1.802,5.87,0,0
6,01-off,schatty,off,True,,3.0075,3.029,2.9861,0,180000,300,3.102,3.639,28.479,0,0
6,01-off,m,off,True,,6.081,6.1371,6.0257,0,90000,150,6.259,6.911,27.264,0,0
6,01-off,l,off,True,,3.248,3.2581,3.2381,0,119400,199,43.054,44.684,46.834,0,0
6,01-off,xl,off,True,,13.3616,13.4238,13.3004,0,34800,58,82.424,83.665,87.629,0,0
6,02-off,s,off,True,,1.4574,1.4493,1.4655,0,300000,500,1.517,1.9,5.063,0,0
6,02-off,schatty,off,True,,2.9954,2.9982,2.9927,0,180000,300,3.12,3.521,17.76,0,0
6,02-off,m,off,True,,6.063,6.0682,6.0579,0,90000,150,6.274,6.744,11.013,0,0
6,02-off,l,off,True,,3.1637,3.1497,3.1774,0,119400,199,42.945,44.492,46.103,0,0
6,02-off,xl,off,True,,13.7755,13.7867,13.7646,0,34800,58,83.0,84.833,86.533,0,0
6,03-100,s,on,True,,1.5535,1.5688,1.5382,1.012,300000,500,1.667,2.0,5.454,0,0
6,03-100,schatty,on,True,,3.0529,3.0741,3.0318,2.027,180000,300,3.143,3.758,18.045,0,0
6,03-100,m,on,True,,6.3296,6.3801,6.2796,2.029,90000,150,6.51,7.591,15.588,0,0
6,03-100,l,on,True,,4.0426,4.0496,4.0357,20.32,119400,199,44.089,46.608,50.668,0,0
6,03-100,xl,on,True,,14.4139,14.4414,14.3869,20.381,34800,58,83.432,85.359,91.725,0,0
6,04-100,s,on,True,,1.5455,1.5497,1.5412,1.001,300000,500,1.671,2.013,4.771,0,0
6,04-100,schatty,on,True,,3.0809,3.089,3.0729,2.008,180000,300,3.233,3.633,9.57,0,0
6,04-100,m,on,True,,6.2918,6.3087,6.2751,2.013,90000,150,6.5,7.203,12.047,0,0
6,04-100,l,on,True,,4.0138,3.9958,4.0316,20.119,119400,199,44.097,46.534,48.984,0,0
6,04-100,xl,on,True,,14.3593,14.3446,14.3745,20.209,34800,58,83.404,85.14,88.816,0,0
